-- MySQL dump 10.13  Distrib 8.0.31, for Win64 (x86_64)
--
-- Host: 127.0.0.1    Database: public_transport_sys_mng
-- ------------------------------------------------------
-- Server version	8.0.31

/*!40101 SET @OLD_CHARACTER_SET_CLIENT=@@CHARACTER_SET_CLIENT */;
/*!40101 SET @OLD_CHARACTER_SET_RESULTS=@@CHARACTER_SET_RESULTS */;
/*!40101 SET @OLD_COLLATION_CONNECTION=@@COLLATION_CONNECTION */;
/*!50503 SET NAMES utf8 */;
/*!40103 SET @OLD_TIME_ZONE=@@TIME_ZONE */;
/*!40103 SET TIME_ZONE='+00:00' */;
/*!40014 SET @OLD_UNIQUE_CHECKS=@@UNIQUE_CHECKS, UNIQUE_CHECKS=0 */;
/*!40014 SET @OLD_FOREIGN_KEY_CHECKS=@@FOREIGN_KEY_CHECKS, FOREIGN_KEY_CHECKS=0 */;
/*!40101 SET @OLD_SQL_MODE=@@SQL_MODE, SQL_MODE='NO_AUTO_VALUE_ON_ZERO' */;
/*!40111 SET @OLD_SQL_NOTES=@@SQL_NOTES, SQL_NOTES=0 */;

--
-- Table structure for table `bus`
--

DROP TABLE IF EXISTS `bus`;
/*!40101 SET @saved_cs_client     = @@character_set_client */;
/*!50503 SET character_set_client = utf8mb4 */;
CREATE TABLE `bus` (
  `id` int NOT NULL AUTO_INCREMENT,
  `bus_name` varchar(200) NOT NULL,
  `bus_code` varchar(200) NOT NULL,
  PRIMARY KEY (`id`),
  UNIQUE KEY `id_UNIQUE` (`id`)
) ENGINE=InnoDB AUTO_INCREMENT=7 DEFAULT CHARSET=utf8mb3;
/*!40101 SET character_set_client = @saved_cs_client */;

--
-- Dumping data for table `bus`
--

LOCK TABLES `bus` WRITE;
/*!40000 ALTER TABLE `bus` DISABLE KEYS */;
INSERT INTO `bus` VALUES (1,'bus1','111'),(2,'bus2','222'),(3,'bus3','333'),(4,'bus4','444'),(5,'bus5','555'),(6,'bus6','666');
/*!40000 ALTER TABLE `bus` ENABLE KEYS */;
UNLOCK TABLES;

--
-- Table structure for table `employee`
--

DROP TABLE IF EXISTS `employee`;
/*!40101 SET @saved_cs_client     = @@character_set_client */;
/*!50503 SET character_set_client = utf8mb4 */;
CREATE TABLE `employee` (
  `id` int NOT NULL AUTO_INCREMENT,
  `name` varchar(200) NOT NULL,
  `surname` varchar(200) NOT NULL,
  `age` varchar(200) NOT NULL,
  `gender` varchar(200) NOT NULL,
  `email` varchar(200) NOT NULL,
  `profession_id` int NOT NULL,
  PRIMARY KEY (`id`),
  KEY `fk_employee_profession1_idx` (`profession_id`),
  CONSTRAINT `fk_employee_profession1` FOREIGN KEY (`profession_id`) REFERENCES `profession` (`id`)
) ENGINE=InnoDB AUTO_INCREMENT=39 DEFAULT CHARSET=utf8mb3;
/*!40101 SET character_set_client = @saved_cs_client */;

--
-- Dumping data for table `employee`
--

LOCK TABLES `employee` WRITE;
/*!40000 ALTER TABLE `employee` DISABLE KEYS */;
INSERT INTO `employee` VALUES (1,'shofer1','shofer','30','m','shofer@email.com',1),(2,'shofer2','shofer','30','m','shofer@email.com',1),(3,'shofer3','shofer','30','m','shofer@email.com',1),(4,'shofer4','shofer','30','m','shofer@email.com',1),(5,'shofer5','shofer','30','m','shofer@email.com',1),(6,'shofer6','shofer','30','m','shofer@email.com',1),(7,'shofer7','shofer','30','m','shofer@email.com',1),(8,'shofer8','shofer','30','m','shofer@email.com',1),(9,'shofer9','shofer','30','m','shofer@email.com',1),(10,'shofer10','shofer','30','m','shofer@email.com',1),(11,'shofer11','shofer','30','m','shofer@email.com',1),(12,'shofer12','shofer','30','m','shofer@email.com',1),(13,'faturino1','faturino','30','m','faturino@email.com',2),(14,'faturino2','faturino','30','m','faturino@email.com',2),(15,'faturino3','faturino','30','m','faturino@email.com',2),(16,'faturino4','faturino','30','m','faturino@email.com',2),(17,'faturino5','faturino','30','m','faturino@email.com',2),(18,'faturino6','faturino','30','m','faturino@email.com',2),(19,'faturino7','faturino','30','m','faturino@email.com',2),(20,'faturino8','faturino','30','m','faturino@email.com',2),(21,'faturino9','faturino','30','m','faturino@email.com',2),(22,'faturino10','faturino','30','m','faturino@email.com',2),(23,'faturino11','faturino','30','m','faturino@email.com',2),(24,'faturino12','faturino','30','m','faturino@email.com',2),(25,'kontroller1','kontroller','30','m','kontroller@email.com',3),(26,'kontroller2','kontroller','30','m','kontroller@email.com',3),(27,'kontroller3','kontroller','30','m','kontroller@email.com',3),(28,'kontroller4','kontroller','30','m','kontroller@email.com',3),(29,'adm','adm','30','f','administrator@email.com',4);
/*!40000 ALTER TABLE `employee` ENABLE KEYS */;
UNLOCK TABLES;

--
-- Table structure for table `employee_bus_line`
--

DROP TABLE IF EXISTS `employee_bus_line`;
/*!40101 SET @saved_cs_client     = @@character_set_client */;
/*!50503 SET character_set_client = utf8mb4 */;
CREATE TABLE `employee_bus_line` (
  `id` int NOT NULL AUTO_INCREMENT,
  `employee_id` int DEFAULT NULL,
  `bus_id` int DEFAULT NULL,
  `turn_id` int DEFAULT NULL,
  `line_id` int DEFAULT NULL,
  `date` date DEFAULT NULL,
  PRIMARY KEY (`id`),
  UNIQUE KEY `id_UNIQUE` (`id`),
  KEY `fk_employee_id_idx` (`employee_id`),
  KEY `fk_bus_id_idx` (`bus_id`),
  KEY `fk_turn_id_idx` (`turn_id`),
  KEY `fk_line_id_idx` (`line_id`),
  CONSTRAINT `fk_bus_id` FOREIGN KEY (`bus_id`) REFERENCES `bus` (`id`),
  CONSTRAINT `fk_employee_id` FOREIGN KEY (`employee_id`) REFERENCES `employee` (`id`),
  CONSTRAINT `fk_line_id` FOREIGN KEY (`line_id`) REFERENCES `line` (`id`),
  CONSTRAINT `fk_turn_id` FOREIGN KEY (`turn_id`) REFERENCES `turne` (`id`)
) ENGINE=InnoDB AUTO_INCREMENT=25 DEFAULT CHARSET=utf8mb3;
/*!40101 SET character_set_client = @saved_cs_client */;

--
-- Dumping data for table `employee_bus_line`
--

LOCK TABLES `employee_bus_line` WRITE;
/*!40000 ALTER TABLE `employee_bus_line` DISABLE KEYS */;
INSERT INTO `employee_bus_line` VALUES (1,1,1,1,1,'2018-10-15'),(2,2,1,2,1,'2018-10-15'),(3,13,1,1,1,'2018-10-15'),(4,14,1,2,1,'2018-10-15'),(5,3,2,1,1,'2018-10-15'),(6,4,2,2,1,NULL),(7,15,2,1,1,'2018-10-15'),(8,16,2,2,1,'2018-10-15'),(9,5,3,1,2,'2018-10-15'),(10,6,3,2,2,'2018-10-15'),(11,17,3,1,2,'2018-10-15'),(12,18,3,2,2,'2018-10-15'),(13,7,4,1,2,'2018-10-15'),(14,8,4,2,2,'2018-10-15'),(15,19,4,1,2,'2018-10-15'),(16,20,4,2,2,'2018-10-15'),(17,9,5,1,3,'2018-10-15'),(18,10,5,2,3,'2018-10-15'),(19,21,5,1,3,'2018-10-15'),(20,22,5,2,3,'2018-10-15'),(21,11,6,1,3,'2018-10-15'),(22,12,6,2,3,'2018-10-15'),(23,23,6,1,3,'2018-10-15'),(24,24,6,2,3,'2018-10-15');
/*!40000 ALTER TABLE `employee_bus_line` ENABLE KEYS */;
UNLOCK TABLES;

--
-- Table structure for table `line`
--

DROP TABLE IF EXISTS `line`;
/*!40101 SET @saved_cs_client     = @@character_set_client */;
/*!50503 SET character_set_client = utf8mb4 */;
CREATE TABLE `line` (
  `id` int NOT NULL AUTO_INCREMENT,
  `line_name` varchar(200) NOT NULL,
  `destination` varchar(200) NOT NULL,
  PRIMARY KEY (`id`),
  UNIQUE KEY `id_UNIQUE` (`id`)
) ENGINE=InnoDB AUTO_INCREMENT=4 DEFAULT CHARSET=utf8mb3;
/*!40101 SET character_set_client = @saved_cs_client */;

--
-- Dumping data for table `line`
--

LOCK TABLES `line` WRITE;
/*!40000 ALTER TABLE `line` DISABLE KEYS */;
INSERT INTO `line` VALUES (1,'linja 1','Uejl - SA - Uejl'),(2,'linja 2','Fshati Xhepcisht - Uejl - Fshati Xhepcisht'),(3,'linja 3','Reçic e madhe - SA - Reçic e madhe');
/*!40000 ALTER TABLE `line` ENABLE KEYS */;
UNLOCK TABLES;

--
-- Table structure for table `position`
--

DROP TABLE IF EXISTS `position`;
/*!40101 SET @saved_cs_client     = @@character_set_client */;
/*!50503 SET character_set_client = utf8mb4 */;
CREATE TABLE `position` (
  `id` int NOT NULL AUTO_INCREMENT,
  `position` varchar(45) NOT NULL,
  PRIMARY KEY (`id`),
  UNIQUE KEY `id_UNIQUE` (`id`)
) ENGINE=InnoDB AUTO_INCREMENT=3 DEFAULT CHARSET=utf8mb3;
/*!40101 SET character_set_client = @saved_cs_client */;

--
-- Dumping data for table `position`
--

LOCK TABLES `position` WRITE;
/*!40000 ALTER TABLE `position` DISABLE KEYS */;
INSERT INTO `position` VALUES (1,'start'),(2,'arrive');
/*!40000 ALTER TABLE `position` ENABLE KEYS */;
UNLOCK TABLES;

--
-- Table structure for table `profession`
--

DROP TABLE IF EXISTS `profession`;
/*!40101 SET @saved_cs_client     = @@character_set_client */;
/*!50503 SET character_set_client = utf8mb4 */;
CREATE TABLE `profession` (
  `id` int NOT NULL AUTO_INCREMENT,
  `professionc` varchar(200) NOT NULL,
  PRIMARY KEY (`id`),
  UNIQUE KEY `id_UNIQUE` (`id`)
) ENGINE=InnoDB AUTO_INCREMENT=5 DEFAULT CHARSET=utf8mb3;
/*!40101 SET character_set_client = @saved_cs_client */;

--
-- Dumping data for table `profession`
--

LOCK TABLES `profession` WRITE;
/*!40000 ALTER TABLE `profession` DISABLE KEYS */;
INSERT INTO `profession` VALUES (1,'shofer'),(2,'faturino'),(3,'kontroller'),(4,'administrator');
/*!40000 ALTER TABLE `profession` ENABLE KEYS */;
UNLOCK TABLES;

--
-- Table structure for table `raport_controller`
--

DROP TABLE IF EXISTS `raport_controller`;
/*!40101 SET @saved_cs_client     = @@character_set_client */;
/*!50503 SET character_set_client = utf8mb4 */;
CREATE TABLE `raport_controller` (
  `id` int NOT NULL AUTO_INCREMENT,
  `ticket_no` int NOT NULL,
  `employee_id` int NOT NULL,
  `bus_destination_line_id` int NOT NULL,
  `station_hours_id` int NOT NULL,
  PRIMARY KEY (`id`),
  UNIQUE KEY `id_UNIQUE` (`id`),
  KEY `fk_raport_controller_employee1_idx` (`employee_id`),
  KEY `fk_raport_controller_station_hours1_idx` (`station_hours_id`),
  CONSTRAINT `fk_raport_controller_employee1` FOREIGN KEY (`employee_id`) REFERENCES `employee` (`id`),
  CONSTRAINT `fk_raport_controller_station_hours1` FOREIGN KEY (`station_hours_id`) REFERENCES `station_hours` (`id`)
) ENGINE=InnoDB DEFAULT CHARSET=utf8mb3;
/*!40101 SET character_set_client = @saved_cs_client */;

--
-- Dumping data for table `raport_controller`
--

LOCK TABLES `raport_controller` WRITE;
/*!40000 ALTER TABLE `raport_controller` DISABLE KEYS */;
/*!40000 ALTER TABLE `raport_controller` ENABLE KEYS */;
UNLOCK TABLES;

--
-- Table structure for table `station_hours`
--

DROP TABLE IF EXISTS `station_hours`;
/*!40101 SET @saved_cs_client     = @@character_set_client */;
/*!50503 SET character_set_client = utf8mb4 */;
CREATE TABLE `station_hours` (
  `id` int NOT NULL AUTO_INCREMENT,
  `line_id` int NOT NULL,
  `position_id` int NOT NULL,
  `uejl` time DEFAULT NULL,
  `molino` time DEFAULT NULL,
  `bexhetiKompani` time DEFAULT NULL,
  `hitMobilie` time DEFAULT NULL,
  `makPetrol` time DEFAULT NULL,
  `shipadi` time DEFAULT NULL,
  `rotring` time DEFAULT NULL,
  `xhamiaLarme` time DEFAULT NULL,
  `gjygji` time DEFAULT NULL,
  `fitnesArena` time DEFAULT NULL,
  `pallatiKultures` time DEFAULT NULL,
  `ronaldo` time DEFAULT NULL,
  `veroJambo` time DEFAULT NULL,
  `pallmaMall` time DEFAULT NULL,
  `stacioniAutobuseve` time DEFAULT NULL,
  `xhepcishtRenova` time DEFAULT NULL,
  `xhepcishtAlpi` time DEFAULT NULL,
  `xhepcishtVenecia` time DEFAULT NULL,
  `porojShkolla` time DEFAULT NULL,
  `porojIra` time DEFAULT NULL,
  `xhamiaDrenovec` time DEFAULT NULL,
  `shkolla7marsi` time DEFAULT NULL,
  `cerdhePotok` time DEFAULT NULL,
  `shkollaMuzikes` time DEFAULT NULL,
  `shparkaseBank` time DEFAULT NULL,
  `embeltoreMostar1` time DEFAULT NULL,
  `mobiljeAntillop` time DEFAULT NULL,
  `recicMadhe` time DEFAULT NULL,
  `shkollaPerparimiRM` time DEFAULT NULL,
  `varrezatRecicVogel` time DEFAULT NULL,
  `rKurtishi` time DEFAULT NULL,
  `arabati` time DEFAULT NULL,
  `varrezatQytetit` time DEFAULT NULL,
  PRIMARY KEY (`id`),
  UNIQUE KEY `id_UNIQUE` (`id`),
  KEY `fk_station_hours_line1_idx` (`line_id`),
  KEY `fk_station_hours_position1_idx` (`position_id`),
  CONSTRAINT `fk_station_hours_line1` FOREIGN KEY (`line_id`) REFERENCES `line` (`id`),
  CONSTRAINT `fk_station_hours_position1` FOREIGN KEY (`position_id`) REFERENCES `position` (`id`)
) ENGINE=InnoDB AUTO_INCREMENT=86 DEFAULT CHARSET=utf8mb3;
/*!40101 SET character_set_client = @saved_cs_client */;

--
-- Dumping data for table `station_hours`
--

LOCK TABLES `station_hours` WRITE;
/*!40000 ALTER TABLE `station_hours` DISABLE KEYS */;
INSERT INTO `station_hours` VALUES (1,1,1,'07:00:00','07:01:00','07:02:00','07:04:00','07:05:00','07:06:00','07:08:00','07:10:00','07:11:00','07:13:00','07:15:00','07:17:00','07:19:00','07:20:00','07:25:00',NULL,NULL,NULL,NULL,NULL,NULL,NULL,NULL,NULL,NULL,NULL,NULL,NULL,NULL,NULL,NULL,NULL,NULL),(2,1,1,'07:30:00','07:31:00','07:32:00','07:34:00','07:35:00','07:36:00','07:38:00','07:40:00','07:41:00','07:43:00','07:45:00','07:47:00','07:49:00','07:50:00','07:55:00',NULL,NULL,NULL,NULL,NULL,NULL,NULL,NULL,NULL,NULL,NULL,NULL,NULL,NULL,NULL,NULL,NULL,NULL),(3,1,1,'08:00:00','08:01:00','08:02:00','08:04:00','08:05:00','08:06:00','08:08:00','08:10:00','08:11:00','08:13:00','08:15:00','08:17:00','08:19:00','08:20:00','08:25:00',NULL,NULL,NULL,NULL,NULL,NULL,NULL,NULL,NULL,NULL,NULL,NULL,NULL,NULL,NULL,NULL,NULL,NULL),(4,1,1,'08:30:00','08:31:00','08:32:00','08:34:00','08:35:00','08:36:00','08:38:00','08:40:00','08:41:00','08:43:00','08:45:00','08:47:00','08:49:00','08:50:00','08:55:00',NULL,NULL,NULL,NULL,NULL,NULL,NULL,NULL,NULL,NULL,NULL,NULL,NULL,NULL,NULL,NULL,NULL,NULL),(5,1,1,'09:00:00','09:01:00','09:02:00','09:04:00','09:05:00','09:06:00','09:08:00','09:10:00','09:11:00','09:13:00','09:15:00','09:17:00','09:19:00','09:20:00','09:25:00',NULL,NULL,NULL,NULL,NULL,NULL,NULL,NULL,NULL,NULL,NULL,NULL,NULL,NULL,NULL,NULL,NULL,NULL),(6,1,1,'09:30:00','09:31:00','09:32:00','09:34:00','09:35:00','09:36:00','09:38:00','09:40:00','09:41:00','09:43:00','09:45:00','09:47:00','09:49:00','09:50:00','09:55:00',NULL,NULL,NULL,NULL,NULL,NULL,NULL,NULL,NULL,NULL,NULL,NULL,NULL,NULL,NULL,NULL,NULL,NULL),(7,1,1,'09:55:00','09:56:00','09:57:00','09:58:00','10:00:00','10:01:00','10:02:00','10:04:00','10:06:00','10:07:00','10:09:00','10:11:00','10:13:00','10:15:00','10:20:00',NULL,NULL,NULL,NULL,NULL,NULL,NULL,NULL,NULL,NULL,NULL,NULL,NULL,NULL,NULL,NULL,NULL,NULL),(8,1,1,'10:30:00','10:31:00','10:32:00','10:34:00','10:36:00','10:37:00','10:38:00','10:40:00','10:42:00','10:44:00','10:45:00','10:46:00','10:48:00','10:50:00','10:55:00',NULL,NULL,NULL,NULL,NULL,NULL,NULL,NULL,NULL,NULL,NULL,NULL,NULL,NULL,NULL,NULL,NULL,NULL),(9,1,1,'11:25:00','11:26:00','11:27:00','11:29:00','11:31:00','11:32:00','11:34:00','11:37:00','11:40:00','11:42:00','11:44:00','11:46:00','11:48:00','11:50:00','11:55:00',NULL,NULL,NULL,NULL,NULL,NULL,NULL,NULL,NULL,NULL,NULL,NULL,NULL,NULL,NULL,NULL,NULL,NULL),(10,1,1,'12:00:00','12:03:00','12:04:00','12:06:00','12:08:00','12:10:00','12:12:00','12:15:00','12:17:00','12:20:00','12:22:00','12:24:00','12:27:00','12:30:00','12:35:00',NULL,NULL,NULL,NULL,NULL,NULL,NULL,NULL,NULL,NULL,NULL,NULL,NULL,NULL,NULL,NULL,NULL,NULL),(11,1,1,'12:40:00','12:43:00','12:44:00','12:46:00','12:48:00','12:50:00','12:52:00','12:55:00','12:57:00','13:00:00','13:02:00','13:04:00','13:07:00','13:10:00','13:15:00',NULL,NULL,NULL,NULL,NULL,NULL,NULL,NULL,NULL,NULL,NULL,NULL,NULL,NULL,NULL,NULL,NULL,NULL),(12,1,1,'13:20:00','13:23:00','13:24:00','13:26:00','13:28:00','13:30:00','13:32:00','13:35:00','13:37:00','13:40:00','13:42:00','13:44:00','13:47:00','13:50:00','13:55:00',NULL,NULL,NULL,NULL,NULL,NULL,NULL,NULL,NULL,NULL,NULL,NULL,NULL,NULL,NULL,NULL,NULL,NULL),(13,1,1,'14:15:00','14:18:00','14:19:00','14:21:00','14:23:00','14:25:00','14:27:00','14:30:00','14:32:00','14:35:00','14:37:00','14:39:00','14:41:00','14:44:00','14:49:00',NULL,NULL,NULL,NULL,NULL,NULL,NULL,NULL,NULL,NULL,NULL,NULL,NULL,NULL,NULL,NULL,NULL,NULL),(14,1,1,'14:55:00','14:56:00','14:57:00','14:59:00','15:00:00','15:01:00','15:03:00','15:05:00','15:08:00','15:10:00','15:13:00','15:15:00','15:17:00','15:20:00','15:25:00',NULL,NULL,NULL,NULL,NULL,NULL,NULL,NULL,NULL,NULL,NULL,NULL,NULL,NULL,NULL,NULL,NULL,NULL),(15,1,1,'15:25:00','15:26:00','15:27:00','15:29:00','15:31:00','15:32:00','15:34:00','15:37:00','15:40:00','15:42:00','15:44:00','15:46:00','15:48:00','15:50:00','15:55:00',NULL,NULL,NULL,NULL,NULL,NULL,NULL,NULL,NULL,NULL,NULL,NULL,NULL,NULL,NULL,NULL,NULL,NULL),(16,1,1,'16:05:00','16:06:00','16:07:00','16:09:00','16:11:00','16:12:00','16:14:00','16:17:00','16:20:00','16:22:00','16:24:00','16:26:00','16:28:00','16:30:00','16:35:00',NULL,NULL,NULL,NULL,NULL,NULL,NULL,NULL,NULL,NULL,NULL,NULL,NULL,NULL,NULL,NULL,NULL,NULL),(17,1,1,'16:30:00','16:31:00','16:32:00','16:34:00','16:36:00','16:37:00','16:39:00','16:41:00','16:45:00','16:47:00','16:49:00','16:51:00','16:53:00','16:55:00','17:00:00',NULL,NULL,NULL,NULL,NULL,NULL,NULL,NULL,NULL,NULL,NULL,NULL,NULL,NULL,NULL,NULL,NULL,NULL),(18,1,1,'17:15:00','17:16:00','17:17:00','17:19:00','17:21:00','17:22:00','17:24:00','17:27:00','17:30:00','17:32:00','17:34:00','17:36:00','17:38:00','17:40:00','17:45:00',NULL,NULL,NULL,NULL,NULL,NULL,NULL,NULL,NULL,NULL,NULL,NULL,NULL,NULL,NULL,NULL,NULL,NULL),(19,1,1,'17:40:00','17:41:00','17:42:00','17:44:00','17:46:00','17:48:00','17:50:00','17:53:00','17:55:00','17:58:00','18:00:00','18:02:00','18:04:00','18:06:00','18:10:00',NULL,NULL,NULL,NULL,NULL,NULL,NULL,NULL,NULL,NULL,NULL,NULL,NULL,NULL,NULL,NULL,NULL,NULL),(20,1,1,'18:50:00','18:51:00','18:52:00','18:54:00','18:56:00','18:58:00','19:00:00','19:03:00','19:05:00','19:08:00','19:10:00','19:12:00','19:14:00','19:16:00','19:20:00',NULL,NULL,NULL,NULL,NULL,NULL,NULL,NULL,NULL,NULL,NULL,NULL,NULL,NULL,NULL,NULL,NULL,NULL),(21,1,1,'19:15:00','19:16:00','19:17:00','19:19:00','19:21:00','19:23:00','19:25:00','19:28:00','19:30:00','19:33:00','19:35:00','19:37:00','19:39:00','19:41:00','19:45:00',NULL,NULL,NULL,NULL,NULL,NULL,NULL,NULL,NULL,NULL,NULL,NULL,NULL,NULL,NULL,NULL,NULL,NULL),(22,1,1,'19:55:00','19:56:00','19:57:00','20:59:00','20:01:00','20:03:00','20:05:00','20:08:00','20:10:00','20:13:00','20:15:00','20:17:00','20:19:00','20:21:00','20:25:00',NULL,NULL,NULL,NULL,NULL,NULL,NULL,NULL,NULL,NULL,NULL,NULL,NULL,NULL,NULL,NULL,NULL,NULL),(23,1,1,'20:20:00','20:21:00','20:22:00','20:24:00','20:26:00','20:28:00','20:30:00','20:33:00','20:35:00','20:38:00','20:40:00','20:42:00','20:43:00','20:45:00','20:47:00',NULL,NULL,NULL,NULL,NULL,NULL,NULL,NULL,NULL,NULL,NULL,NULL,NULL,NULL,NULL,NULL,NULL,NULL),(24,1,1,'21:00:00','21:01:00','21:02:00','21:04:00','21:06:00','21:08:00','21:10:00','21:13:00','21:15:00','21:18:00','21:20:00','21:22:00','21:24:00','21:27:00','21:30:00',NULL,NULL,NULL,NULL,NULL,NULL,NULL,NULL,NULL,NULL,NULL,NULL,NULL,NULL,NULL,NULL,NULL,NULL),(25,1,1,'21:25:00','21:26:00','21:27:00','21:29:00','21:31:00','21:33:00','21:35:00','21:38:00','21:40:00','21:42:00','21:44:00','21:46:00','21:48:00','21:50:00','21:55:00',NULL,NULL,NULL,NULL,NULL,NULL,NULL,NULL,NULL,NULL,NULL,NULL,NULL,NULL,NULL,NULL,NULL,NULL),(26,1,2,'07:55:00','07:53:00','07:52:00','07:50:00','07:49:00','07:47:00','07:46:00','07:44:00','07:42:00','07:41:00','07:40:00','07:38:00','07:37:00','07:35:00','07:30:00',NULL,NULL,NULL,NULL,NULL,NULL,NULL,NULL,NULL,NULL,NULL,NULL,NULL,NULL,NULL,NULL,NULL,NULL),(27,1,2,'08:25:00','08:23:00','08:22:00','08:20:00','08:19:00','08:17:00','08:16:00','08:14:00','08:12:00','08:11:00','08:12:00','08:08:00','08:07:00','08:05:00','08:00:00',NULL,NULL,NULL,NULL,NULL,NULL,NULL,NULL,NULL,NULL,NULL,NULL,NULL,NULL,NULL,NULL,NULL,NULL),(28,1,2,'08:55:00','08:53:00','08:52:00','08:50:00','08:49:00','08:47:00','08:46:00','08:44:00','08:42:00','08:41:00','08:40:00','08:38:00','08:37:00','08:35:00','08:30:00',NULL,NULL,NULL,NULL,NULL,NULL,NULL,NULL,NULL,NULL,NULL,NULL,NULL,NULL,NULL,NULL,NULL,NULL),(29,1,2,'09:25:00','09:23:00','09:22:00','09:20:00','09:19:00','09:17:00','09:16:00','09:14:00','09:12:00','09:11:00','09:10:00','09:08:00','09:07:00','09:05:00','09:00:00',NULL,NULL,NULL,NULL,NULL,NULL,NULL,NULL,NULL,NULL,NULL,NULL,NULL,NULL,NULL,NULL,NULL,NULL),(30,1,2,'09:50:00','09:49:00','09:48:00','09:46:00','09:44:00','09:43:00','09:41:00','09:39:00','09:38:00','09:36:00','09:35:00','09:33:00','09:32:00','09:30:00','09:25:00',NULL,NULL,NULL,NULL,NULL,NULL,NULL,NULL,NULL,NULL,NULL,NULL,NULL,NULL,NULL,NULL,NULL,NULL),(31,1,2,'10:25:00','10:23:00','10:22:00','10:20:00','10:18:00','10:17:00','10:16:00','10:14:00','10:12:00','10:11:00','10:10:00','10:08:00','10:07:00','10:05:00','10:00:00',NULL,NULL,NULL,NULL,NULL,NULL,NULL,NULL,NULL,NULL,NULL,NULL,NULL,NULL,NULL,NULL,NULL,NULL),(32,1,2,'10:50:00','10:43:00','10:41:00','10:39:00','10:38:00','10:36:00','10:35:00','10:34:00','10:32:00','10:31:00','10:29:00','10:28:00','10:27:00','10:25:00','10:20:00',NULL,NULL,NULL,NULL,NULL,NULL,NULL,NULL,NULL,NULL,NULL,NULL,NULL,NULL,NULL,NULL,NULL,NULL),(33,1,2,'11:55:00','11:53:00','11:52:00','11:50:00','11:48:00','11:47:00','11:45:00','11:43:00','11:41:00','11:39:00','11:37:00','11:35:00','11:33:00','11:30:00','11:25:00',NULL,NULL,NULL,NULL,NULL,NULL,NULL,NULL,NULL,NULL,NULL,NULL,NULL,NULL,NULL,NULL,NULL,NULL),(34,1,2,'12:35:00','12:33:00','12:32:00','12:30:00','12:28:00','12:26:00','12:24:00','12:22:00','12:19:00','12:16:00','12:13:00','12:11:00','12:08:00','12:00:00','12:00:00',NULL,NULL,NULL,NULL,NULL,NULL,NULL,NULL,NULL,NULL,NULL,NULL,NULL,NULL,NULL,NULL,NULL,NULL),(35,1,2,'13:15:00','13:13:00','13:11:00','13:08:00','13:06:00','13:04:00','13:02:00','13:00:00','12:58:00','12:55:00','12:53:00','12:51:00','12:48:00','12:45:00','12:40:00',NULL,NULL,NULL,NULL,NULL,NULL,NULL,NULL,NULL,NULL,NULL,NULL,NULL,NULL,NULL,NULL,NULL,NULL),(36,1,2,'13:56:00','13:54:00','13:52:00','13:50:00','13:48:00','13:46:00','13:44:00','13:42:00','13:39:00','13:36:00','13:33:00','13:31:00','13:28:00','13:25:00','13:20:00',NULL,NULL,NULL,NULL,NULL,NULL,NULL,NULL,NULL,NULL,NULL,NULL,NULL,NULL,NULL,NULL,NULL,NULL),(37,1,2,'14:35:00','14:33:00','14:31:00','14:28:00','14:26:00','14:24:00','14:22:00','14:20:00','14:18:00','14:15:00','14:13:00','14:11:00','14:08:00','14:05:00','14:00:00',NULL,NULL,NULL,NULL,NULL,NULL,NULL,NULL,NULL,NULL,NULL,NULL,NULL,NULL,NULL,NULL,NULL,NULL),(38,1,2,'15:20:00','15:19:00','15:18:00','15:16:00','15:15:00','15:13:00','15:11:00','15:09:00','15:07:00','15:04:00','15:02:00','15:00:00','14:58:00','14:55:00','14:50:00',NULL,NULL,NULL,NULL,NULL,NULL,NULL,NULL,NULL,NULL,NULL,NULL,NULL,NULL,NULL,NULL,NULL,NULL),(39,1,2,'16:00:00','15:59:00','15:58:00','15:56:00','15:55:00','15:53:00','15:51:00','15:49:00','15:47:00','15:44:00','15:42:00','15:40:00','15:38:00','15:35:00','15:30:00',NULL,NULL,NULL,NULL,NULL,NULL,NULL,NULL,NULL,NULL,NULL,NULL,NULL,NULL,NULL,NULL,NULL,NULL),(40,1,2,'16:26:00','16:25:00','16:24:00','16:22:00','16:21:00','16:19:00','16:16:00','16:14:00','16:12:00','16:09:00','16:07:00','16:05:00','16:03:00','16:00:00','15:55:00',NULL,NULL,NULL,NULL,NULL,NULL,NULL,NULL,NULL,NULL,NULL,NULL,NULL,NULL,NULL,NULL,NULL,NULL),(41,1,2,'17:10:00','17:09:00','17:08:00','17:06:00','17:05:00','17:03:00','17:01:00','16:59:00','16:57:00','16:54:00','16:52:00','16:50:00','16:48:00','16:45:00','16:40:00',NULL,NULL,NULL,NULL,NULL,NULL,NULL,NULL,NULL,NULL,NULL,NULL,NULL,NULL,NULL,NULL,NULL,NULL),(42,1,2,'17:36:00','17:35:00','17:34:00','17:32:00','17:30:00','17:28:00','17:26:00','17:24:00','17:22:00','17:19:00','17:17:00','17:15:00','17:13:00','17:10:00','17:05:00',NULL,NULL,NULL,NULL,NULL,NULL,NULL,NULL,NULL,NULL,NULL,NULL,NULL,NULL,NULL,NULL,NULL,NULL),(43,1,2,'18:45:00','18:43:00','18:42:00','18:40:00','18:39:00','18:37:00','18:35:00','18:33:00','18:32:00','18:29:00','18:27:00','18:25:00','18:23:00','18:20:00','18:15:00',NULL,NULL,NULL,NULL,NULL,NULL,NULL,NULL,NULL,NULL,NULL,NULL,NULL,NULL,NULL,NULL,NULL,NULL),(44,1,2,'19:10:00','19:09:00','19:08:00','19:06:00','19:05:00','19:03:00','19:01:00','18:59:00','18:57:00','18:54:00','18:52:00','18:50:00','18:48:00','18:45:00','18:40:00',NULL,NULL,NULL,NULL,NULL,NULL,NULL,NULL,NULL,NULL,NULL,NULL,NULL,NULL,NULL,NULL,NULL,NULL),(45,1,2,'19:50:00','19:49:00','19:48:00','19:46:00','19:45:00','19:43:00','19:41:00','19:39:00','19:37:00','19:34:00','19:32:00','19:30:00','19:28:00','19:25:00','19:20:00',NULL,NULL,NULL,NULL,NULL,NULL,NULL,NULL,NULL,NULL,NULL,NULL,NULL,NULL,NULL,NULL,NULL,NULL),(46,1,2,'20:15:00','20:14:00','20:13:00','20:11:00','20:10:00','20:08:00','20:06:00','20:04:00','20:02:00','19:59:00','19:57:00','19:55:00','19:53:00','19:50:00','19:45:00',NULL,NULL,NULL,NULL,NULL,NULL,NULL,NULL,NULL,NULL,NULL,NULL,NULL,NULL,NULL,NULL,NULL,NULL),(47,1,2,'20:55:00','20:53:00','20:52:00','20:50:00','20:49:00','20:47:00','20:45:00','20:43:00','20:41:00','20:39:00','20:37:00','20:35:00','20:33:00','20:30:00','20:25:00',NULL,NULL,NULL,NULL,NULL,NULL,NULL,NULL,NULL,NULL,NULL,NULL,NULL,NULL,NULL,NULL,NULL,NULL),(48,1,2,'21:20:00','21:18:00','21:07:00','21:15:00','21:14:00','21:12:00','21:10:00','21:08:00','21:06:00','21:04:00','21:02:00','21:00:00','20:58:00','20:55:00','20:50:00',NULL,NULL,NULL,NULL,NULL,NULL,NULL,NULL,NULL,NULL,NULL,NULL,NULL,NULL,NULL,NULL,NULL,NULL),(49,1,2,'22:05:00','22:03:00','22:02:00','22:00:00','21:59:00','21:57:00','21:55:00','21:53:00','21:51:00','21:49:00','21:47:00','21:45:00','21:43:00','21:40:00','21:35:00',NULL,NULL,NULL,NULL,NULL,NULL,NULL,NULL,NULL,NULL,NULL,NULL,NULL,NULL,NULL,NULL,NULL,NULL),(50,2,1,'07:50:00','07:49:00','07:47:00',NULL,'07:43:00','07:41:00',NULL,'07:36:00','07:33:00',NULL,NULL,NULL,NULL,NULL,NULL,'07:10:00','07:11:00','07:13:00','07:14:00','07:16:00','07:18:00','07:20:00','07:22:00','07:27:00','07:32:00','07:39:00','07:45:00',NULL,NULL,NULL,NULL,NULL,NULL),(51,2,1,'09:20:00','09:19:00','09:17:00',NULL,'09:13:00','09:11:00',NULL,'09:06:00','09:03:00',NULL,NULL,NULL,NULL,NULL,NULL,'08:40:00','08:41:00','08:43:00','08:44:00','08:46:00','08:48:00','08:50:00','08:52:00','08:57:00','09:02:00','09:09:00','09:15:00',NULL,NULL,NULL,NULL,NULL,NULL),(52,2,1,'10:50:00','10:49:00','10:47:00',NULL,'10:43:00','10:41:00',NULL,'10:36:00','10:33:00',NULL,NULL,NULL,NULL,NULL,NULL,'10:10:00','10:11:00','10:13:00','10:14:00','10:16:00','10:18:00','10:20:00','10:22:00','10:27:00','10:32:00','10:39:00','10:45:00',NULL,NULL,NULL,NULL,NULL,NULL),(53,2,1,'12:50:00','12:49:00','12:47:00',NULL,'12:43:00','12:41:00',NULL,'12:36:00','12:33:00',NULL,NULL,NULL,NULL,NULL,NULL,'12:10:00','12:11:00','12:13:00','12:14:00','12:16:00','12:18:00','12:20:00','12:22:00','12:27:00','12:32:00','12:39:00','12:45:00',NULL,NULL,NULL,NULL,NULL,NULL),(54,2,1,'14:30:00','14:29:00','14:27:00',NULL,'14:23:00','14:21:00',NULL,'14:16:00','14:13:00',NULL,NULL,NULL,NULL,NULL,NULL,'13:50:00','13:51:00','13:53:00','13:54:00','13:56:00','13:58:00','14:00:00','14:02:00','14:07:00','14:12:00','14:19:00','14:25:00',NULL,NULL,NULL,NULL,NULL,NULL),(55,2,1,'16:00:00','15:59:00','15:57:00',NULL,'15:53:00','15:51:00',NULL,'15:46:00','15:43:00',NULL,NULL,NULL,NULL,NULL,NULL,'15:20:00','15:21:00','15:23:00','15:24:00','15:26:00','15:28:00','15:30:00','15:32:00','15:37:00','15:42:00','15:46:00','15:55:00',NULL,NULL,NULL,NULL,NULL,NULL),(56,2,1,'18:00:00','17:59:00','17:57:00',NULL,'17:53:00','17:51:00',NULL,'17:46:00','17:43:00',NULL,NULL,NULL,NULL,NULL,NULL,'17:20:00','17:21:00','17:23:00','17:24:00','17:26:00','17:28:00','17:30:00','17:32:00','17:37:00','17:42:00','17:46:00','17:55:00',NULL,NULL,NULL,NULL,NULL,NULL),(57,2,1,'19:30:00','19:29:00','19:27:00',NULL,'19:23:00','19:21:00',NULL,'19:16:00','19:13:00',NULL,NULL,NULL,NULL,NULL,NULL,'18:50:00','18:51:00','18:53:00','18:54:00','18:56:00','18:58:00','19:00:00','19:02:00','19:07:00','19:12:00','19:16:00','19:25:00',NULL,NULL,NULL,NULL,NULL,NULL),(58,2,1,'21:00:00','20:59:00','20:57:00',NULL,'20:53:00','20:51:00',NULL,'20:46:00','20:23:00',NULL,NULL,NULL,NULL,NULL,NULL,'20:20:00','20:21:00','20:23:00','20:24:00','20:26:00','20:28:00','20:30:00','20:32:00','20:37:00','20:42:00','20:26:00','20:55:00',NULL,NULL,NULL,NULL,NULL,NULL),(59,2,2,'07:55:00','07:56:00','07:58:00',NULL,'08:02:00','08:04:00',NULL,'08:09:00','08:12:00',NULL,NULL,NULL,NULL,NULL,NULL,'08:35:00','08:34:00','08:32:00','08:31:00','08:29:00','08:27:00','08:25:00','08:23:00','08:18:00','08:13:00','08:06:00','08:00:00',NULL,NULL,NULL,NULL,NULL,NULL),(60,2,2,'09:25:00','09:26:00','09:28:00',NULL,'09:32:00','09:34:00',NULL,'09:39:00','09:42:00',NULL,NULL,NULL,NULL,NULL,NULL,'10:05:00','10:04:00','10:02:00','10:01:00','09:59:00','09:57:00','09:55:00','09:53:00','09:48:00','09:43:00','09:36:00','09:30:00',NULL,NULL,NULL,NULL,NULL,NULL),(61,2,2,'11:00:00','11:01:00','11:03:00',NULL,'11:07:00','11:09:00',NULL,'11:14:00','11:17:00',NULL,NULL,NULL,NULL,NULL,NULL,'11:40:00','11:39:00','11:37:00','11:36:00','11:34:00','11:32:00','11:30:00','11:28:00','11:23:00','11:18:00','11:11:00','11:05:00',NULL,NULL,NULL,NULL,NULL,NULL),(62,2,2,'13:00:00','13:01:00','13:03:00',NULL,'13:07:00','13:09:00',NULL,'13:14:00','13:17:00',NULL,NULL,NULL,NULL,NULL,NULL,'13:40:00','13:39:00','13:37:00','13:36:00','13:34:00','13:32:00','13:30:00','13:28:00','13:23:00','13:18:00','13:11:00','13:05:00',NULL,NULL,NULL,NULL,NULL,NULL),(63,2,2,'14:35:00','14:36:00','14:38:00',NULL,'14:42:00','14:44:00',NULL,'14:49:00','14:52:00',NULL,NULL,NULL,NULL,NULL,NULL,'15:15:00','15:14:00','15:12:00','15:11:00','15:09:00','15:07:00','15:05:00','15:03:00','14:58:00','14:53:00','14:46:00','14:40:00',NULL,NULL,NULL,NULL,NULL,NULL),(64,2,2,'16:10:00','16:11:00','16:13:00',NULL,'16:17:00','16:19:00',NULL,'16:24:00','16:27:00',NULL,NULL,NULL,NULL,NULL,NULL,'16:50:00','16:49:00','16:47:00','16:46:00','16:44:00','16:42:00','16:40:00','16:38:00','16:33:00','16:28:00','16:21:00','16:15:00',NULL,NULL,NULL,NULL,NULL,NULL),(65,2,2,'18:05:00','18:06:00','18:08:00',NULL,'18:12:00','18:14:00',NULL,'18:19:00','18:22:00',NULL,NULL,NULL,NULL,NULL,NULL,'18:45:00','18:44:00','18:42:00','18:41:00','18:39:00','18:37:00','18:35:00','18:33:00','18:28:00','18:23:00','18:16:00','18:10:00',NULL,NULL,NULL,NULL,NULL,NULL),(66,2,2,'19:35:00','19:36:00','19:38:00',NULL,'19:42:00','19:44:00',NULL,'19:49:00','19:52:00',NULL,NULL,NULL,NULL,NULL,NULL,'20:15:00','20:14:00','20:12:00','20:11:00','20:09:00','20:07:00','20:05:00','20:03:00','19:58:00','19:53:00','19:46:00','19:40:00',NULL,NULL,NULL,NULL,NULL,NULL),(67,2,2,'21:05:00','21:06:00','21:08:00',NULL,'21:12:00','21:14:00',NULL,'21:19:00','21:22:00',NULL,NULL,NULL,NULL,NULL,NULL,'21:45:00','21:44:00','21:42:00','21:41:00','21:39:00','21:37:00','21:35:00','21:33:00','21:28:00','21:23:00','21:16:00','21:10:00',NULL,NULL,NULL,NULL,NULL,NULL),(68,3,1,NULL,NULL,NULL,NULL,NULL,NULL,'07:14:00','07:16:00','07:18:00','07:19:00','07:20:00','07:22:00','07:23:00',NULL,'07:25:00',NULL,NULL,NULL,NULL,NULL,NULL,NULL,NULL,NULL,NULL,NULL,NULL,'07:00:00','07:02:00','07:05:00','07:08:00','07:10:00','07:11:00'),(69,3,1,NULL,NULL,NULL,NULL,NULL,NULL,'08:24:00','08:26:00','08:28:00','08:29:00','08:30:00','08:32:00','08:33:00',NULL,'08:35:00',NULL,NULL,NULL,NULL,NULL,NULL,NULL,NULL,NULL,NULL,NULL,NULL,'08:10:00','08:12:00','08:15:00','08:18:00','08:20:00','08:21:00'),(70,3,1,NULL,NULL,NULL,NULL,NULL,NULL,'09:34:00','09:36:00','09:38:00','09:41:00','09:43:00','09:45:00','09:47:00',NULL,'09:49:00',NULL,NULL,NULL,NULL,NULL,NULL,NULL,NULL,NULL,NULL,NULL,NULL,'09:20:00','09:22:00','09:25:00','09:28:00','09:30:00','09:31:00'),(71,3,1,NULL,NULL,NULL,NULL,NULL,NULL,'11:08:00','11:12:00','11:15:00','11:17:00','11:19:00','11:21:00','11:23:00',NULL,'11:28:00',NULL,NULL,NULL,NULL,NULL,NULL,NULL,NULL,NULL,NULL,NULL,NULL,'10:55:00','10:57:00','11:59:00','11:02:00','11:05:00','11:08:00'),(72,3,1,NULL,NULL,NULL,NULL,NULL,NULL,'12:38:00','12:41:00','12:43:00','12:45:00','12:47:00','12:49:00','12:51:00',NULL,'12:54:00',NULL,NULL,NULL,NULL,NULL,NULL,NULL,NULL,NULL,NULL,NULL,NULL,'12:20:00','12:22:00','12:25:00','12:29:00','12:32:00','12:34:00'),(73,3,1,NULL,NULL,NULL,NULL,NULL,NULL,'13:58:00','14:01:00','14:03:00','14:05:00','14:07:00','14:09:00','14:11:00',NULL,'14:14:00',NULL,NULL,NULL,NULL,NULL,NULL,NULL,NULL,NULL,NULL,NULL,NULL,'13:40:00','13:42:00','13:45:00','13:49:00','13:52:00','13:54:00'),(74,3,1,NULL,NULL,NULL,NULL,NULL,NULL,'15:14:00','15:17:00','15:19:00','15:22:00','15:24:00','15:26:00','15:28:00',NULL,'15:30:00',NULL,NULL,NULL,NULL,NULL,NULL,NULL,NULL,NULL,NULL,NULL,NULL,'15:00:00','15:02:00','15:04:00','15:06:00','15:09:00','15:11:00'),(75,3,1,NULL,NULL,NULL,NULL,NULL,NULL,'16:54:00','16:57:00','16:59:00','17:02:00','17:04:00','17:06:00','17:08:00',NULL,'17:10:00',NULL,NULL,NULL,NULL,NULL,NULL,NULL,NULL,NULL,NULL,NULL,NULL,'16:40:00','16:42:00','16:44:00','16:46:00','16:49:00','16:51:00'),(76,3,1,NULL,NULL,NULL,NULL,NULL,NULL,'18:09:00','18:12:00','18:14:00','18:17:00','18:20:00','18:22:00','18:24:00',NULL,'18:26:00',NULL,NULL,NULL,NULL,NULL,NULL,NULL,NULL,NULL,NULL,NULL,NULL,'17:55:00','17:57:00','17:59:00','18:01:00','18:04:00','18:06:00'),(77,3,2,NULL,NULL,NULL,NULL,NULL,NULL,'07:43:00','07:41:00','07:39:00','07:38:00','07:36:00','07:34:00','07:32:00',NULL,'07:30:00',NULL,NULL,NULL,NULL,NULL,NULL,NULL,NULL,NULL,NULL,NULL,NULL,'07:59:00','07:57:00','07:55:00','07:52:00','07:49:00','07:47:00'),(78,3,2,NULL,NULL,NULL,NULL,NULL,NULL,'08:54:00','08:52:00','08:50:00','08:48:00','08:46:00','08:45:00','08:43:00',NULL,'08:40:00',NULL,NULL,NULL,NULL,NULL,NULL,NULL,NULL,NULL,NULL,NULL,NULL,'09:09:00','09:07:00','09:05:00','09:02:00','08:59:00','08:57:00'),(79,3,2,NULL,NULL,NULL,NULL,NULL,NULL,'10:04:00','10:02:00','10:25:00','10:23:00','10:21:00','10:00:00','09:58:00',NULL,'09:55:00',NULL,NULL,NULL,NULL,NULL,NULL,NULL,NULL,NULL,NULL,NULL,NULL,'10:18:00','10:15:00','10:13:00','10:10:00','10:08:00','10:06:00'),(80,3,2,NULL,NULL,NULL,NULL,NULL,NULL,'11:53:00','11:51:00','11:48:00','11:45:00','11:42:00','11:40:00','11:38:00',NULL,'11:35:00',NULL,NULL,NULL,NULL,NULL,NULL,NULL,NULL,NULL,NULL,NULL,NULL,'12:10:00','12:08:00','12:06:00','12:03:00','11:59:00','11:57:00'),(81,3,2,NULL,NULL,NULL,NULL,NULL,NULL,'13:18:00','13:16:00','13:13:00','13:10:00','13:07:00','13:05:00','13:03:00',NULL,'13:00:00',NULL,NULL,NULL,NULL,NULL,NULL,NULL,NULL,NULL,NULL,NULL,NULL,'13:33:00','13:31:00','13:29:00','13:26:00','13:24:00','13:22:00'),(82,3,2,NULL,NULL,NULL,NULL,NULL,NULL,'14:38:00','14:36:00','14:33:00','14:30:00','14:27:00','14:25:00','14:23:00',NULL,'14:20:00',NULL,NULL,NULL,NULL,NULL,NULL,NULL,NULL,NULL,NULL,NULL,NULL,'14:53:00','14:51:00','14:49:00','14:46:00','14:44:00','14:42:00'),(83,3,2,NULL,NULL,NULL,NULL,NULL,NULL,'16:18:00','16:16:00','16:13:00','16:10:00','16:07:00','16:05:00','16:03:00',NULL,'16:00:00',NULL,NULL,NULL,NULL,NULL,NULL,NULL,NULL,NULL,NULL,NULL,NULL,'16:33:00','16:31:00','16:29:00','16:27:00','16:24:00','16:22:00'),(84,3,2,NULL,NULL,NULL,NULL,NULL,NULL,'17:32:00','17:30:00','17:27:00','17:25:00','17:22:00','17:20:00','17:18:00',NULL,'17:15:00',NULL,NULL,NULL,NULL,NULL,NULL,NULL,NULL,NULL,NULL,NULL,NULL,'17:45:00','17:43:00','17:41:00','17:39:00','17:36:00','17:34:00'),(85,3,2,NULL,NULL,NULL,NULL,NULL,NULL,'18:47:00','18:45:00','18:42:00','18:40:00','18:37:00','18:35:00','18:33:00',NULL,'18:30:00',NULL,NULL,NULL,NULL,NULL,NULL,NULL,NULL,NULL,NULL,NULL,NULL,'18:59:00','18:57:00','18:55:00','18:53:00','18:51:00','18:49:00');
/*!40000 ALTER TABLE `station_hours` ENABLE KEYS */;
UNLOCK TABLES;

--
-- Table structure for table `turne`
--

DROP TABLE IF EXISTS `turne`;
/*!40101 SET @saved_cs_client     = @@character_set_client */;
/*!50503 SET character_set_client = utf8mb4 */;
CREATE TABLE `turne` (
  `id` int NOT NULL AUTO_INCREMENT,
  `turne` varchar(45) NOT NULL,
  `time` varchar(45) NOT NULL,
  PRIMARY KEY (`id`),
  UNIQUE KEY `id_UNIQUE` (`id`)
) ENGINE=InnoDB AUTO_INCREMENT=3 DEFAULT CHARSET=utf8mb3;
/*!40101 SET character_set_client = @saved_cs_client */;

--
-- Dumping data for table `turne`
--

LOCK TABLES `turne` WRITE;
/*!40000 ALTER TABLE `turne` DISABLE KEYS */;
INSERT INTO `turne` VALUES (1,'turni i pare','7-2.5'),(2,'turni i dyte','2.5-10');
/*!40000 ALTER TABLE `turne` ENABLE KEYS */;
UNLOCK TABLES;

--
-- Dumping routines for database 'public_transport_sys_mng'
--
/*!40103 SET TIME_ZONE=@OLD_TIME_ZONE */;

/*!40101 SET SQL_MODE=@OLD_SQL_MODE */;
/*!40014 SET FOREIGN_KEY_CHECKS=@OLD_FOREIGN_KEY_CHECKS */;
/*!40014 SET UNIQUE_CHECKS=@OLD_UNIQUE_CHECKS */;
/*!40101 SET CHARACTER_SET_CLIENT=@OLD_CHARACTER_SET_CLIENT */;
/*!40101 SET CHARACTER_SET_RESULTS=@OLD_CHARACTER_SET_RESULTS */;
/*!40101 SET COLLATION_CONNECTION=@OLD_COLLATION_CONNECTION */;
/*!40111 SET SQL_NOTES=@OLD_SQL_NOTES */;

-- Dump completed on 2022-11-22 22:46:50
